<?xml version="1.0" encoding="UTF-8" standalone="yes"?>
<addon id="plugin.video.mytvvideo" name="TV" version="1.0" provider-name="Lionel Z.">
  <requires>
    <import addon="xbmc.python" version="2.24.0"/>
  </requires>
  <extension point="xbmc.python.pluginsource" library="addon.py">
    <provides>video</provides>
  </extension>
  <extension point="xbmc.addon.metadata">
    <platform>all</platform>
    <summary>TV</summary>
    <description>TV</description>
    <platform>all</platform>
  </extension>
</addon>