<?xml version="1.0" encoding="UTF-8" standalone="yes"?>
<addon id="repository.beta.lionelz" name="Lionel Z. Beta Repository" version="1.0.0" provider-name="Lionel Z.">
    <extension point="xbmc.addon.repository" name="Lionel Z. Repository">
        <info compressed="false">https://raw.githubusercontent.com/lionelz/repository.lionelz/beta/addons.xml</info>
        <checksum>https://raw.githubusercontent.com/lionelz/repository.lionelz/beta/addons.xml.md5</checksum>
        <datadir zip="true">https://raw.githubusercontent.com/lionelz/repository.lionelz/beta/repo</datadir>
    </extension>
    <extension point="xbmc.addon.metadata">
        <summary>Lionel Z. Beta Repository</summary>
        <description>Lionel Z. Beta Repository</description>
        <platform>all</platform>
    </extension>
</addon>